{
    "header": [
        " *   ",
        " *   如非需要调试，本文件可删除",
        " *   非专业人员可将本文件删除",
        " *   详细介绍请参考: https://bazhan.wang/faq#INFO-JSON",
        " *   "
    ],
    "resources": [
        {
            "url": "https://btotoken.com/?utm_source=tokenpocket",
            "path": "index.html",
            "saved": true,
            "size": 4328,
            "children": [
                {
                    "url": "https://btotoken.com/static/js/chunk-vantUI.01ff40bb.js",
                    "path": "js/chunk-vantUI.01ff40bb.js",
                    "saved": true,
                    "size": 0,
                    "children": []
                },
                {
                    "url": "https://btotoken.com/static/js/chunk-libs.74f177cb.js",
                    "path": "js/chunk-libs.74f177cb.js",
                    "saved": true,
                    "size": 0,
                    "children": []
                },
                {
                    "url": "https://btotoken.com/static/js/app.619d4283.js",
                    "path": "js/app.619d4283.js",
                    "saved": true,
                    "size": 0,
                    "children": []
                },
                {
                    "url": "https://btotoken.com/static/css/chunk-vantUI.2b0ff510.css",
                    "path": "css/chunk-vantUI.2b0ff510.css",
                    "saved": true,
                    "size": 110384,
                    "children": [
                        {
                            "url": "https://at.alicdn.com/t/font_2553510_61agzg96wm8.woff?t=1631948257467",
                            "saved": false
                        },
                        {
                            "url": "https://at.alicdn.com/t/font_2553510_61agzg96wm8.ttf?t=1631948257467",
                            "saved": false
                        }
                    ]
                },
                {
                    "url": "https://btotoken.com/static/css/app.254ba98a.css",
                    "path": "css/app.254ba98a.css",
                    "saved": true,
                    "size": 1996,
                    "children": [
                        {
                            "url": "https://btotoken.com/static/img/pic_background_laoding.f6406f95.png",
                            "path": "img/pic_background_laoding.f6406f95.png",
                            "saved": true,
                            "size": 0,
                            "children": []
                        },
                        {
                            "url": "https://btotoken.com/static/img/btn_bankhome_announcement.b5ec6420.png",
                            "path": "img/btn_bankhome_announcement.b5ec6420.png",
                            "saved": true,
                            "size": 0,
                            "children": []
                        }
                    ]
                },
                {
                    "url": "https://btotoken.com/logo.ico",
                    "path": "logo.ico",
                    "saved": true,
                    "size": 0,
                    "children": []
                }
            ]
        }
    ],
    "alias": "btotoken-com-m8o4l04",
    "info": {
        "remark": [],
        "title": "BTO",
        "domain": "btotoken.com",
        "origin": "https://btotoken.com",
        "ip": "47.75.105.116",
        "main": "index.html",
        "url": "https://btotoken.com/?utm_source=tokenpocket",
        "totalSize": "117 kB",
        "request": {
            "headers": {
                "accept": "text/html,*/*",
                "accept-language": "zh-CN,zh;q=0.9",
                "cache-control": "no-cache",
                "cookie": "",
                "referer": "https://btotoken.com/?utm_source=tokenpocket#/?code",
                "user-agent": "Mozilla/5.0 (Windows NT 10.0; Win64; x64) AppleWebKit/537.36 (KHTML, like Gecko) Chrome/78.0.3904.108 Safari/537.36",
                "x-scraper-website": "https://bazhan.wang/"
            }
        },
        "response": {
            "responseUrl": "https://btotoken.com/?utm_source=tokenpocket",
            "redirects": [],
            "statusCode": 200,
            "headers": {
                "server": "nginx",
                "date": "Thu, 19 May 2022 06:28:38 GMT",
                "content-type": "text/html",
                "content-length": "4363",
                "last-modified": "Tue, 17 May 2022 12:04:02 GMT",
                "connection": "close",
                "vary": "Accept-Encoding",
                "etag": "\"62838f32-110b\"",
                "strict-transport-security": "max-age=31536000",
                "accept-ranges": "bytes"
            }
        },
        "time": {
            "start": "2022-05-19T06:28:38.321Z",
            "end": "2022-05-19T06:28:41.612Z"
        }
    },
    "options": {
        "url": "https://btotoken.com/?utm_source=tokenpocket#/?code",
        "referer": "",
        "cookies": "",
        "userAgent": "Mozilla/5.0 (Windows NT 10.0; Win64; x64) AppleWebKit/537.36 (KHTML, like Gecko) Chrome/78.0.3904.108 Safari/537.36",
        "formatter": [],
        "filenameGenerator": "byType"
    }
}